"DisplayName","DisplayVersion","Publisher","InstallDate"
"µTorrent","3.5.5.45790","BitTorrent Inc.",
"1527c705-839a-4832-9118-54d4Bd6a0c89","10.0.19640.1000","CN=Microsoft Windows, O=Microsoft Corporation, L=Redmond, S=Washington, C=US",
"28466Polysoft.SimpleContacts","2.3.5.0","CN=44AF4FB5-F779-4E31-8548-13B1615E98FA",
"3D4Medical.comLLC.CompleteAnatomy","12.2.2.0","CN=9963410B-B57E-49F4-9A17-94C70C3F5932",
"5319275A.WhatsAppDesktop","2.2616.100.0","CN=24803D75-212C-471A-BC57-9EF86AB91435",
"7-Zip 25.01 (x64)","25.01","Igor Pavlov",
"89006A2E.AutodeskSketchBook","5.1.0.0","CN=F6FD12B7-9E18-42B8-BA81-AA4ED127C991",
"91750D7E.Slack","4.50.121.0","CN=B25A2379-D5D0-455B-826A-BFFC7EBB5713",
"A360 Desktop","6.0.3.1100","Autodesk","20191203"
"AdobeAcrobatDCCoreApp","21.10.15.6","CN=Adobe Inc., OU=Adobe Inc., O=Adobe Inc., L=San Jose, S=ca, C=US, SERIALNUMBER=2748129, OID.1.3.6.1.4.1.311.60.2.1.2=Delaware, OID.1.3.6.1.4.1.311.60.2.1.3=US, OID.2.5.4.15=Private Organization",
"Anaconda3 2025.12-2 (Python 3.13.9 64-bit)","2025.12-2","Anaconda, Inc.",
"AppleInc.AppleDevices","1.1540.23042.0","CN=5BD5593D-A41B-4F89-884E-B4F3E0FBAA75",
"AppleInc.iCloud","15.7.56.0","CN=5BD5593D-A41B-4F89-884E-B4F3E0FBAA75",
"AppleInc.iTunes","12139.10003.61011.0","CN=5BD5593D-A41B-4F89-884E-B4F3E0FBAA75",
"Autodesk Access","2.21.0.559","Autodesk, Inc.","20260312"
"Autodesk CER","7.2.2.923","Autodesk Inc.","20260312"
"Autodesk Content Service","3.2.0.0","Autodesk","03.12.2019"
"Autodesk Content Service","3.2.0.0","Autodesk","20191203"
"Autodesk Content Service Language Pack","3.2.0.0","Autodesk","20191203"
"Autodesk Genuine Service","5.0.0.134","Autodesk","20220720"
"Autodesk Identity Manager","1.11.9.11","Autodesk","20240606"
"Autodesk Single Sign On Component","11.3.0.1803","Autodesk","20220405"
"Backup and Sync from Google","3.57.4256.0809","Google, Inc.","20220215"
"Bonjour","3.1.0.1","Apple Inc.","20200428"
"c5e2524a-ea46-4f67-841f-6a9465d9d515","10.0.26100.1","CN=Microsoft Windows, O=Microsoft Corporation, L=Redmond, S=Washington, C=US",
"Claude","1.6259.1.0","CN=""Anthropic, PBC"", O=""Anthropic, PBC"", L=San Francisco, S=California, C=US, SERIALNUMBER=4860621, OID.2.5.4.15=Private Organization, OID.1.3.6.1.4.1.311.60.2.1.2=Delaware, OID.1.3.6.1.4.1.311.60.2.1.3=US",
"Clipchamp.Clipchamp","4.5.10520.0","CN=33F0F141-36F3-4EC2-A77D-51B53D0BA0E4",
"Comet","147.0.7727.1860","Авторы Comet","20260506"
"CrystalDiskMark 9.0.1","9.0.1","Crystal Dew World","20251219"
"DBeaver 26.0.0 (current user)","26.0.0","DBeaver Corp",
"DiagnosticsHub_CollectionService","18.0.36317","Microsoft Corporation","20251124"
"Docker Desktop","4.71.0","Docker Inc.",
"Documentation Manager","22.200.2.1","Intel Corporation","20251123"
"Dolby Atmos Windows API SDK","1.1.9.33","Dolby Laboratories, Inc.","20251124"
"Dolby Atmos Windows APP","1.1.6.22","Dolby Laboratories, Inc.","20251124"
"DolbyLaboratories.DolbyAccess","3.27.9430.0","CN=58D26209-1D57-482C-B403-B655571B5C7B",
"draw.io 29.0.3","29.0.3","JGraph",
"E2A4F912-2574-4A75-9BB0-0D023378592B","10.0.19640.1000","CN=Microsoft Windows, O=Microsoft Corporation, L=Redmond, S=Washington, C=US",
"Eclipse Temurin JDK with Hotspot 25+36 (x64)","25.0.0.36","Eclipse Adoptium","20251026"
"Exodus","20.3.23","Exodus Movement Inc","20210622"
"F46D4000-FD22-4DB4-AC8E-4E1DDDE828FE","10.0.26100.1","CN=Microsoft Windows, O=Microsoft Corporation, L=Redmond, S=Washington, C=US",
"FlClashX, версия 0.2.1","0.2.1",,"20251019"
"Git","2.52.0","The Git Development Community","20251204"
"GitHub Desktop","3.5.8","GitHub, Inc.","20260502"
"Google Drive","125.0.0.0","Google LLC",
"Google Earth Pro","7.3.7.1155","Google","20260410"
"GPL Ghostscript","10.06.0","Artifex Software Inc.",
"HWiNFO® 64","8.34","Martin Malik, REALiX s.r.o.","20251124"
"icecap_collection_x64","15.8.27906","Microsoft Corporation","20210729"
"icecap_collection_x64","17.14.36015","Microsoft Corporation","20250914"
"icecap_collection_x64","18.0.11101","Microsoft Corporation","20251124"
"iCloud Outlook","14.0.0.162","Apple Inc.","20221126"
"iMazing","3.4.0.8","DigiDNA","20251210"
"Intel(R) Chipset Device Software","10.1.1.44","Intel Corporation","20180712"
"Intel(R) Management Engine Components","1.0.0.0","Intel Corporation","20180712"
"Intel(R) Management Engine Components","1.0.0.0","Intel Corporation","20180712"
"Intel(R) Management Engine Components","11.7.0.1035","Intel Corporation",
"Intel(R) ME UninstallLegacy","1.0.1.0","Intel Corporation","20180712"
"Intel(R) PRO/Wireless Driver","20.100.0000.0143","Intel Corporation","20190428"
"Intel(R) Serial IO","30.100.1713.2","Intel Corporation",
"Intel(R) Serial IO","30.100.1713.2","Intel Corporation","20180712"
"Intel(R) Trusted Connect Service Client","1.45.447.1","Intel Corporation","20180712"
"IntelliTraceProfilerProxy","15.0.21225.01","Microsoft Corporation","20250914"
"Julia 1.11.6","1.11.6","Julia Language","20250813"
"KNIME Analytics Platform","4.4.0","KNIME AG","20210729"
"Microsoft .NET 8.0 Templates 8.0.418 (x64)","32.14.51843","Microsoft Corporation","20260216"
"Microsoft .NET Host - 8.0.27 (x64)","64.108.52182","Microsoft Corporation","20260513"
"Microsoft .NET Host FX Resolver - 8.0.27 (x64)","64.108.52182","Microsoft Corporation","20260513"
"Microsoft .NET Runtime - 8.0.27 (x64)","64.108.52182","Microsoft Corporation","20260513"
"Microsoft .NET Targeting Pack - 8.0.24 (x64)","64.96.47242","Microsoft Corporation","20260216"
"Microsoft .NET Toolset 8.0.418 (x64)","32.14.51843","Microsoft Corporation","20260216"
"Microsoft ASP.NET Core 8.0.24 Shared Framework (x64)","8.0.24.26072","Microsoft Corporation","20260216"
"Microsoft ASP.NET Core 8.0.24 Targeting Pack (x64)","8.0.24.26072","Microsoft Corporation","20260216"
"Microsoft Command Line Utilities 15 for SQL Server","15.0.1300.359","Microsoft Corporation","20250914"
"Microsoft ODBC Driver 13 for SQL Server","14.0.2110.2","Microsoft Corporation","20260513"
"Microsoft ODBC Driver 17 for SQL Server","17.10.6.1","Microsoft Corporation","20250914"
"Microsoft Office LTSC Standard 2021 - en-us","16.0.14332.20565","Microsoft Corporation",
"Microsoft Office LTSC стандартный 2021 - ru-ru","16.0.14332.20565","Microsoft Corporation",
"Microsoft OneDrive","26.074.0420.0001","Microsoft Corporation",
"Microsoft Power BI Desktop (x64)","2.93.981.0","Корпорация Майкрософт","20210605"
"Microsoft SQL Server 2012 Native Client ","11.4.7515.2","Microsoft Corporation","20251207"
"Microsoft SQL Server 2017 (64-bit)",,,
"Microsoft SQL Server 2017 (64-bit)",,"Microsoft Corporation",
"Microsoft SQL Server 2017 RsFx Driver","14.0.2110.2","Microsoft Corporation","20260513"
"Microsoft SQL Server 2017 Setup (English)","14.0.2110.2","Microsoft Corporation","20260513"
"Microsoft SQL Server 2017 T-SQL Language Service ","14.0.1000.169","Microsoft Corporation","20251204"
"Microsoft SQL Server 2019 LocalDB ","15.0.4382.1","Microsoft Corporation","20250914"
"Microsoft SQL Server 2025 LocalDB RC1","17.0.925.4","Microsoft Corporation","20251124"
"Microsoft System CLR Types для SQL Server 2019","15.0.2000.5","Microsoft Corporation","20250914"
"Microsoft Teams Meeting Add-in for Microsoft Office","1.25.18202","Microsoft","20250807"
"Microsoft Update Health Tools","5.72.0.0","Microsoft Corporation","20231106"
"Microsoft VC++ redistributables repacked.","12.0.0.0","Intel Corporation","20180712"
"Microsoft Visual C++ 2005 Redistributable - x64 8.0.50727.4053 False","8.0.50727.4053","Microsoft Corporation","20191207"
"Microsoft Visual C++ 2005 Redistributable - x64 8.0.50727.42 False","8.0.50727.42","Microsoft Corporation","20191207"
"Microsoft Visual C++ 2005 Redistributable - x64 8.0.51011 False","8.0.51011","Microsoft Corporation","20191207"
"Microsoft Visual C++ 2005 Redistributable - x64 8.0.56336 False","8.0.56336","Microsoft Corporation","20191207"
"Microsoft Visual C++ 2005 Redistributable - x64 8.0.57102 False","8.0.57102","Microsoft Corporation","20191207"
"Microsoft Visual C++ 2005 Redistributable - x64 8.0.58298 False","8.0.58298","Microsoft Corporation","20191207"
"Microsoft Visual C++ 2005 Redistributable - x64 8.0.59192 False","8.0.59192","Microsoft Corporation","20191207"
"Microsoft Visual C++ 2005 Redistributable - x64 8.0.61000","8.0.61000","Microsoft Corporation","20191207"
"Microsoft Visual C++ 2008 Redistributable - x64 9.0.21022 False","9.0.21022","Microsoft Corporation","20191207"
"Microsoft Visual C++ 2008 Redistributable - x64 9.0.21022.0 False","9.0.21022","Microsoft Corporation","20191207"
"Microsoft Visual C++ 2008 Redistributable - x64 9.0.21022.218 False","9.0.21022.218","Microsoft Corporation","20191207"
"Microsoft Visual C++ 2008 Redistributable - x64 9.0.30411 False","9.0.30411","Microsoft Corporation","20191207"
"Microsoft Visual C++ 2008 Redistributable - x64 9.0.30729 False","9.0.30729","Microsoft Corporation","20191207"
"Microsoft Visual C++ 2008 Redistributable - x64 9.0.30729.0 False","9.0.30729","Microsoft Corporation","20191207"
"Microsoft Visual C++ 2008 Redistributable - x64 9.0.30729.17 False","9.0.30729","Microsoft Corporation","20191207"
"Microsoft Visual C++ 2008 Redistributable - x64 9.0.30729.4048 False","9.0.30729.4048","Microsoft Corporation","20191207"
"Microsoft Visual C++ 2008 Redistributable - x64 9.0.30729.4148 False","9.0.30729.4148","Microsoft Corporation","20191207"
"Microsoft Visual C++ 2008 Redistributable - x64 9.0.30729.4148.0 False","9.0.30729.4148","Microsoft Corporation","20191207"
"Microsoft Visual C++ 2008 Redistributable - x64 9.0.30729.5570 False","9.0.30729.5570","Microsoft Corporation","20191207"
"Microsoft Visual C++ 2008 Redistributable - x64 9.0.30729.6161","9.0.30729.6161","Microsoft Corporation","20191207"
"Microsoft Visual C++ 2010 Redistributable - x64 10.0.30319 False","10.0.30319","Microsoft Corporation","20191207"
"Microsoft Visual C++ 2010 Redistributable - x64 10.0.40219","10.0.40219","Microsoft Corporation","20191207"
"Microsoft Visual C++ 2012 x64 Additional Runtime - 11.0.51106 False","11.0.51106","Microsoft Corporation","20191207"
"Microsoft Visual C++ 2012 x64 Additional Runtime - 11.0.60610 False","11.0.60610","Microsoft Corporation","20191207"
"Microsoft Visual C++ 2012 x64 Additional Runtime - 11.0.61030","11.0.61030","Microsoft Corporation","20191207"
"Microsoft Visual C++ 2012 x64 Minimum Runtime - 11.0.51106 False","11.0.51106","Microsoft Corporation","20191207"
"Microsoft Visual C++ 2012 x64 Minimum Runtime - 11.0.60610 False","11.0.60610","Microsoft Corporation","20191207"
"Microsoft Visual C++ 2012 x64 Minimum Runtime - 11.0.61030","11.0.61030","Microsoft Corporation","20191207"
"Microsoft Visual C++ 2013 x64 Additional Runtime - 12.0.21005 False","12.0.21005","Microsoft Corporation","20191207"
"Microsoft Visual C++ 2013 x64 Additional Runtime - 12.0.40649 False","12.0.40649","Microsoft Corporation","20191207"
"Microsoft Visual C++ 2013 x64 Additional Runtime - 12.0.40660 False","12.0.40660","Microsoft Corporation","20191207"
"Microsoft Visual C++ 2013 x64 Additional Runtime - 12.0.40664","12.0.40664","Microsoft Corporation","20191207"
"Microsoft Visual C++ 2013 x64 Minimum Runtime - 12.0.21005 False","12.0.21005","Microsoft Corporation","20191207"
"Microsoft Visual C++ 2013 x64 Minimum Runtime - 12.0.40649 False","12.0.40649","Microsoft Corporation","20191207"
"Microsoft Visual C++ 2013 x64 Minimum Runtime - 12.0.40660 False","12.0.40660","Microsoft Corporation","20191207"
"Microsoft Visual C++ 2013 x64 Minimum Runtime - 12.0.40664","12.0.40664","Microsoft Corporation","20191207"
"Microsoft Visual C++ 2022 X64 Additional Runtime - 14.50.35719","14.50.35719","Microsoft Corporation","20260311"
"Microsoft Visual C++ 2022 X64 Minimum Runtime - 14.50.35719","14.50.35719","Microsoft Corporation","20260311"
"Microsoft Visual Studio Code (User)","1.118.1","Microsoft Corporation","20260504"
"Microsoft Visual Studio Installer","4.0.2153.56108","Microsoft Corporation","20210729"
"Microsoft VSS Writer for SQL Server 2017","14.0.1000.169","Microsoft Corporation","20260513"
"Microsoft Windows Desktop Targeting Pack - 8.0.24 (x64)","64.96.47265","Microsoft Corporation","20260216"
"Microsoft.AAD.BrokerPlugin","1000.19580.1000.2","CN=Microsoft Windows, O=Microsoft Corporation, L=Redmond, S=Washington, C=US",
"Microsoft.AccountsControl","10.0.26100.1","CN=Microsoft Windows, O=Microsoft Corporation, L=Redmond, S=Washington, C=US",
"Microsoft.Advertising.Xaml","10.1811.1.0","CN=Microsoft Corporation, O=Microsoft Corporation, L=Redmond, S=Washington, C=US",
"Microsoft.Advertising.Xaml","10.1811.1.0","CN=Microsoft Corporation, O=Microsoft Corporation, L=Redmond, S=Washington, C=US",
"Microsoft.AIFabric.CBS.1.6","1.6.935.100","CN=Microsoft Corporation, O=Microsoft Corporation, L=Redmond, S=Washington, C=US",
"Microsoft.ApplicationCompatibilityEnhancements","1.2511.9.0","CN=Microsoft Corporation, O=Microsoft Corporation, L=Redmond, S=Washington, C=US",
"Microsoft.AsyncTextService","10.0.26100.1","CN=Microsoft Corporation, O=Microsoft Corporation, L=Redmond, S=Washington, C=US",
"Microsoft.AV1VideoExtension","2.0.7.0","CN=Microsoft Corporation, O=Microsoft Corporation, L=Redmond, S=Washington, C=US",
"Microsoft.AVCEncoderVideoExtension","1.1.23.0","CN=Microsoft Corporation, O=Microsoft Corporation, L=Redmond, S=Washington, C=US",
"Microsoft.BingSearch","1.1.43.0","CN=Microsoft Corporation, O=Microsoft Corporation, L=Redmond, S=Washington, C=US",
"Microsoft.BingWeather","4.54.63040.0","CN=Microsoft Corporation, O=Microsoft Corporation, L=Redmond, S=Washington, C=US",
"Microsoft.BioEnrollment","10.0.19587.1000","CN=Microsoft Windows, O=Microsoft Corporation, L=Redmond, S=Washington, C=US",
"Microsoft.CommandPalette","0.7.3225.0","CN=Microsoft Corporation, O=Microsoft Corporation, L=Redmond, S=Washington, C=US",
"Microsoft.CredDialogHost","10.0.19595.1001","CN=Microsoft Windows, O=Microsoft Corporation, L=Redmond, S=Washington, C=US",
"Microsoft.DesktopAppInstaller","1.28.240.0","CN=Microsoft Corporation, O=Microsoft Corporation, L=Redmond, S=Washington, C=US",
"Microsoft.ECApp","10.0.26100.8328","CN=Microsoft Corporation, O=Microsoft Corporation, L=Redmond, S=Washington, C=US",
"Microsoft.Edge.GameAssist","1.0.4019.0","CN=Microsoft Corporation, O=Microsoft Corporation, L=Redmond, S=Washington, C=US",
"Microsoft.GetHelp","10.2409.41132.0","CN=Microsoft Corporation, O=Microsoft Corporation, L=Redmond, S=Washington, C=US",
"Microsoft.HEIFImageExtension","1.2.30.0","CN=Microsoft Corporation, O=Microsoft Corporation, L=Redmond, S=Washington, C=US",
"Microsoft.LanguageExperiencePacken-US","26100.140.155.0","CN=Microsoft Corporation, O=Microsoft Corporation, L=Redmond, S=Washington, C=US",
"Microsoft.LanguageExperiencePackru-ru","26100.166.262.0","CN=Microsoft Corporation, O=Microsoft Corporation, L=Redmond, S=Washington, C=US",
"Microsoft.LockApp","10.0.26100.8457","CN=Microsoft Windows, O=Microsoft Corporation, L=Redmond, S=Washington, C=US",
"Microsoft.MicrosoftEdge.Stable","142.0.3595.80","CN=Microsoft Corporation, O=Microsoft Corporation, L=Redmond, S=Washington, C=US",
"Microsoft.MicrosoftEdgeDevToolsClient","1000.25128.1000.0","CN=Microsoft Corporation, O=Microsoft Corporation, L=Redmond, S=Washington, C=US",
"Microsoft.MicrosoftOfficeHub","19.2605.45031.0","CN=Microsoft Corporation, O=Microsoft Corporation, L=Redmond, S=Washington, C=US",
"Microsoft.MicrosoftStickyNotes","6.1.4.0","CN=Microsoft Corporation, O=Microsoft Corporation, L=Redmond, S=Washington, C=US",
"Microsoft.MixedReality.Portal","2000.21051.1282.0","CN=Microsoft Corporation, O=Microsoft Corporation, L=Redmond, S=Washington, C=US",
"Microsoft.MPEG2VideoExtension","1.2.13.0","CN=Microsoft Corporation, O=Microsoft Corporation, L=Redmond, S=Washington, C=US",
"Microsoft.NET.Native.Framework.2.1","2.1.27427.0","CN=Microsoft Corporation, O=Microsoft Corporation, L=Redmond, S=Washington, C=US",
"Microsoft.NET.Native.Framework.2.1","2.1.27427.0","CN=Microsoft Corporation, O=Microsoft Corporation, L=Redmond, S=Washington, C=US",
"Microsoft.NET.Native.Framework.2.2","2.2.29512.0","CN=Microsoft Corporation, O=Microsoft Corporation, L=Redmond, S=Washington, C=US",
"Microsoft.NET.Native.Framework.2.2","2.2.29512.0","CN=Microsoft Corporation, O=Microsoft Corporation, L=Redmond, S=Washington, C=US",
"Microsoft.NET.Native.Runtime.1.7","1.7.27422.0","CN=Microsoft Corporation, O=Microsoft Corporation, L=Redmond, S=Washington, C=US",
"Microsoft.NET.Native.Runtime.1.7","1.7.27422.0","CN=Microsoft Corporation, O=Microsoft Corporation, L=Redmond, S=Washington, C=US",
"Microsoft.NET.Native.Runtime.2.1","2.1.26424.0","CN=Microsoft Corporation, O=Microsoft Corporation, L=Redmond, S=Washington, C=US",
"Microsoft.NET.Native.Runtime.2.1","2.1.26424.0","CN=Microsoft Corporation, O=Microsoft Corporation, L=Redmond, S=Washington, C=US",
"Microsoft.NET.Native.Runtime.2.2","2.2.28604.0","CN=Microsoft Corporation, O=Microsoft Corporation, L=Redmond, S=Washington, C=US",
"Microsoft.NET.Native.Runtime.2.2","2.2.28604.0","CN=Microsoft Corporation, O=Microsoft Corporation, L=Redmond, S=Washington, C=US",
"Microsoft.NET.Sdk.Aspire.Manifest-8.0.100 (x64)","64.0.5426","Microsoft Corporation","20251124"
"Microsoft.NET.Workload.Emscripten.Current.Manifest (x64)","64.96.47011","Microsoft Corporation","20260216"
"Microsoft.NET.Workload.Emscripten.net6.Manifest (x64)","64.96.47011","Microsoft Corporation","20260216"
"Microsoft.NET.Workload.Emscripten.net7.Manifest (x64)","64.96.47011","Microsoft Corporation","20260216"
"Microsoft.NET.Workload.Mono.Toolchain.Current.Manifest (x64)","64.96.47242","Microsoft Corporation","20260216"
"Microsoft.NET.Workload.Mono.Toolchain.net6.Manifest (x64)","64.96.47242","Microsoft Corporation","20260216"
"Microsoft.NET.Workload.Mono.Toolchain.net7.Manifest (x64)","64.96.47242","Microsoft Corporation","20260216"
"Microsoft.Office.OneNote","16.14326.22589.0","CN=Microsoft Corporation, O=Microsoft Corporation, L=Redmond, S=Washington, C=US",
"Microsoft.OneDriveSync","26074.420.1.0","CN=Microsoft Corporation, O=Microsoft Corporation, L=Redmond, S=Washington, C=US",
"Microsoft.OutlookForWindows","1.2025.319.100","CN=Microsoft Corporation, O=Microsoft Corporation, L=Redmond, S=Washington, C=US",
"Microsoft.Paint","11.2601.441.0","CN=Microsoft Corporation, O=Microsoft Corporation, L=Redmond, S=Washington, C=US",
"Microsoft.People","10.2202.100.0","CN=Microsoft Corporation, O=Microsoft Corporation, L=Redmond, S=Washington, C=US",
"Microsoft.PowerAutomateDesktop","1.0.2094.0","CN=Microsoft Corporation, O=Microsoft Corporation, L=Redmond, S=Washington, C=US",
"Microsoft.PowerShell","7.6.1.0","CN=Microsoft Corporation, O=Microsoft Corporation, L=Redmond, S=Washington, C=US",
"Microsoft.PowerToys.FileLocksmithContextMenu","0.96.0.0","CN=Microsoft Corporation, O=Microsoft Corporation, L=Redmond, S=Washington, C=US",
"Microsoft.PowerToys.ImageResizerContextMenu","0.96.0.0","CN=Microsoft Corporation, O=Microsoft Corporation, L=Redmond, S=Washington, C=US",
"Microsoft.PowerToys.PowerRenameContextMenu","0.96.0.0","CN=Microsoft Corporation, O=Microsoft Corporation, L=Redmond, S=Washington, C=US",
"Microsoft.PowerToys.SparseApp","0.96.0.0","CN=Microsoft Corporation, O=Microsoft Corporation, L=Redmond, S=Washington, C=US",
"Microsoft.Print3D","3.3.791.0","CN=Microsoft Corporation, O=Microsoft Corporation, L=Redmond, S=Washington, C=US",
"Microsoft.RawImageExtension","2.5.7.0","CN=Microsoft Corporation, O=Microsoft Corporation, L=Redmond, S=Washington, C=US",
"Microsoft.ScreenSketch","11.2602.47.0","CN=Microsoft Corporation, O=Microsoft Corporation, L=Redmond, S=Washington, C=US",
"Microsoft.SecHealthUI","1000.29554.1001.0","CN=Microsoft Corporation, O=Microsoft Corporation, L=Redmond, S=Washington, C=US",
"Microsoft.Services.Store.Engagement","10.0.23012.0","CN=Microsoft Corporation, O=Microsoft Corporation, L=Redmond, S=Washington, C=US",
"Microsoft.Services.Store.Engagement","10.0.23012.0","CN=Microsoft Corporation, O=Microsoft Corporation, L=Redmond, S=Washington, C=US",
"Microsoft.StartExperiencesApp","1.264.3.0","CN=Microsoft Corporation, O=Microsoft Corporation, L=Redmond, S=Washington, C=US",
"Microsoft.StorePurchaseApp","22603.1401.2.0","CN=Microsoft Corporation, O=Microsoft Corporation, L=Redmond, S=Washington, C=US",
"Microsoft.Todos","2.175.6901.0","CN=Microsoft Corporation, O=Microsoft Corporation, L=Redmond, S=Washington, C=US",
"Microsoft.UI.Xaml.2.0","2.1810.18004.0","CN=Microsoft Corporation, O=Microsoft Corporation, L=Redmond, S=Washington, C=US",
"Microsoft.UI.Xaml.2.0","2.1810.18004.0","CN=Microsoft Corporation, O=Microsoft Corporation, L=Redmond, S=Washington, C=US",
"Microsoft.UI.Xaml.2.1","2.11906.6001.0","CN=Microsoft Corporation, O=Microsoft Corporation, L=Redmond, S=Washington, C=US",
"Microsoft.UI.Xaml.2.1","2.11906.6001.0","CN=Microsoft Corporation, O=Microsoft Corporation, L=Redmond, S=Washington, C=US",
"Microsoft.UI.Xaml.2.2","2.21909.17002.0","CN=Microsoft Corporation, O=Microsoft Corporation, L=Redmond, S=Washington, C=US",
"Microsoft.UI.Xaml.2.2","2.21909.17002.0","CN=Microsoft Corporation, O=Microsoft Corporation, L=Redmond, S=Washington, C=US",
"Microsoft.UI.Xaml.2.3","2.32002.13001.0","CN=Microsoft Corporation, O=Microsoft Corporation, L=Redmond, S=Washington, C=US",
"Microsoft.UI.Xaml.2.3","2.32002.13001.0","CN=Microsoft Corporation, O=Microsoft Corporation, L=Redmond, S=Washington, C=US",
"Microsoft.UI.Xaml.2.4","2.42007.9001.0","CN=Microsoft Corporation, O=Microsoft Corporation, L=Redmond, S=Washington, C=US",
"Microsoft.UI.Xaml.2.4","2.42007.9001.0","CN=Microsoft Corporation, O=Microsoft Corporation, L=Redmond, S=Washington, C=US",
"Microsoft.UI.Xaml.2.5","2.52012.2002.0","CN=Microsoft Corporation, O=Microsoft Corporation, L=Redmond, S=Washington, C=US",
"Microsoft.UI.Xaml.2.5","2.52012.2002.0","CN=Microsoft Corporation, O=Microsoft Corporation, L=Redmond, S=Washington, C=US",
"Microsoft.UI.Xaml.2.6","2.62112.3002.0","CN=Microsoft Corporation, O=Microsoft Corporation, L=Redmond, S=Washington, C=US",
"Microsoft.UI.Xaml.2.6","2.62112.3002.0","CN=Microsoft Corporation, O=Microsoft Corporation, L=Redmond, S=Washington, C=US",
"Microsoft.UI.Xaml.2.7","7.2409.9001.0","CN=Microsoft Corporation, O=Microsoft Corporation, L=Redmond, S=Washington, C=US",
"Microsoft.UI.Xaml.2.7","7.2409.9001.0","CN=Microsoft Corporation, O=Microsoft Corporation, L=Redmond, S=Washington, C=US",
"Microsoft.UI.Xaml.2.8","8.2511.26001.0","CN=Microsoft Corporation, O=Microsoft Corporation, L=Redmond, S=Washington, C=US",
"Microsoft.UI.Xaml.2.8","8.2501.31001.0","CN=Microsoft Corporation, O=Microsoft Corporation, L=Redmond, S=Washington, C=US",
"Microsoft.UI.Xaml.2.8","8.2501.31001.0","CN=Microsoft Corporation, O=Microsoft Corporation, L=Redmond, S=Washington, C=US",
"Microsoft.UI.Xaml.CBS","9.2603.18001.0","CN=Microsoft Corporation, O=Microsoft Corporation, L=Redmond, S=Washington, C=US",
"Microsoft.VCLibs.120.00","12.0.21005.1","CN=Microsoft Corporation, O=Microsoft Corporation, L=Redmond, S=Washington, C=US",
"Microsoft.VCLibs.120.00","12.0.21005.1","CN=Microsoft Corporation, O=Microsoft Corporation, L=Redmond, S=Washington, C=US",
"Microsoft.VCLibs.140.00","14.0.33519.0","CN=Microsoft Corporation, O=Microsoft Corporation, L=Redmond, S=Washington, C=US",
"Microsoft.VCLibs.140.00","14.0.33519.0","CN=Microsoft Corporation, O=Microsoft Corporation, L=Redmond, S=Washington, C=US",
"Microsoft.VCLibs.140.00.UWPDesktop","14.0.33728.0","CN=Microsoft Corporation, O=Microsoft Corporation, L=Redmond, S=Washington, C=US",
"Microsoft.VCLibs.140.00.UWPDesktop","14.0.33728.0","CN=Microsoft Corporation, O=Microsoft Corporation, L=Redmond, S=Washington, C=US",
"Microsoft.VisualStudioCode","1.0.118.1","CN=Microsoft Corporation, O=Microsoft Corporation, L=Redmond, S=Washington, C=US",
"Microsoft.VP9VideoExtensions","1.2.13.0","CN=Microsoft Corporation, O=Microsoft Corporation, L=Redmond, S=Washington, C=US",
"Microsoft.WebMediaExtensions","2.1.26.0","CN=Microsoft Corporation, O=Microsoft Corporation, L=Redmond, S=Washington, C=US",
"Microsoft.WebpImageExtension","1.2.14.0","CN=Microsoft Corporation, O=Microsoft Corporation, L=Redmond, S=Washington, C=US",
"Microsoft.WidgetsPlatformRuntime","1.6.18.0","CN=Microsoft Corporation, O=Microsoft Corporation, L=Redmond, S=Washington, C=US",
"Microsoft.Win32WebViewHost","10.0.26100.1","CN=Microsoft Windows, O=Microsoft Corporation, L=Redmond, S=Washington, C=US",
"Microsoft.Windows.Apprep.ChxApp","1000.25128.1000.0","CN=Microsoft Windows, O=Microsoft Corporation, L=Redmond, S=Washington, C=US",
"Microsoft.Windows.AugLoop.CBS","1.1126.2131.0","CN=Microsoft Corporation, O=Microsoft Corporation, L=Redmond, S=Washington, C=US",
"Microsoft.Windows.CapturePicker","10.0.19580.1000","CN=Microsoft Windows, O=Microsoft Corporation, L=Redmond, S=Washington, C=US",
"Microsoft.Windows.CloudExperienceHost","10.0.26100.1","CN=Microsoft Windows, O=Microsoft Corporation, L=Redmond, S=Washington, C=US",
"Microsoft.Windows.ContentDeliveryManager","10.0.26100.1","CN=Microsoft Windows, O=Microsoft Corporation, L=Redmond, S=Washington, C=US",
"Microsoft.Windows.DevHome","0.2100.858.0","CN=Microsoft Corporation, O=Microsoft Corporation, L=Redmond, S=Washington, C=US",
"Microsoft.Windows.NarratorQuickStart","10.0.26100.1","CN=Microsoft Corporation, O=Microsoft Corporation, L=Redmond, S=Washington, C=US",
"Microsoft.Windows.OOBENetworkCaptivePortal","10.0.26569.1000","CN=Microsoft Windows, O=Microsoft Corporation, L=Redmond, S=Washington, C=US",
"Microsoft.Windows.OOBENetworkConnectionFlow","10.0.26569.1000","CN=Microsoft Windows, O=Microsoft Corporation, L=Redmond, S=Washington, C=US",
"Microsoft.Windows.ParentalControls","1000.25128.1000.0","CN=Microsoft Windows, O=Microsoft Corporation, L=Redmond, S=Washington, C=US",
"Microsoft.Windows.PeopleExperienceHost","10.0.26100.1","CN=Microsoft Windows, O=Microsoft Corporation, L=Redmond, S=Washington, C=US",
"Microsoft.Windows.Photos","2026.11020.20001.0","CN=Microsoft Corporation, O=Microsoft Corporation, L=Redmond, S=Washington, C=US",
"Microsoft.Windows.PinningConfirmationDialog","1000.25140.1001.0","CN=Microsoft Windows, O=Microsoft Corporation, L=Redmond, S=Washington, C=US",
"Microsoft.Windows.PrintQueueActionCenter","1.0.2.0","CN=Microsoft Windows, O=Microsoft Corporation, L=Redmond, S=Washington, C=US",
"Microsoft.Windows.ShellExperienceHost","10.0.26100.8115","CN=Microsoft Windows, O=Microsoft Corporation, L=Redmond, S=Washington, C=US",
"Microsoft.Windows.StartMenuExperienceHost","10.0.26100.4768","CN=Microsoft Windows, O=Microsoft Corporation, L=Redmond, S=Washington, C=US",
"Microsoft.Windows.XGpuEjectDialog","10.0.26100.1","CN=Microsoft Windows, O=Microsoft Corporation, L=Redmond, S=Washington, C=US",
"Microsoft.WindowsAlarms","11.2512.0.0","CN=Microsoft Corporation, O=Microsoft Corporation, L=Redmond, S=Washington, C=US",
"Microsoft.WindowsAppRuntime.1.1","1005.616.1651.0","CN=Microsoft Corporation, O=Microsoft Corporation, L=Redmond, S=Washington, C=US",
"Microsoft.WindowsAppRuntime.1.1","1005.616.1651.0","CN=Microsoft Corporation, O=Microsoft Corporation, L=Redmond, S=Washington, C=US",
"Microsoft.WindowsAppRuntime.1.2","2000.802.31.0","CN=Microsoft Corporation, O=Microsoft Corporation, L=Redmond, S=Washington, C=US",
"Microsoft.WindowsAppRuntime.1.2","2000.802.31.0","CN=Microsoft Corporation, O=Microsoft Corporation, L=Redmond, S=Washington, C=US",
"Microsoft.WindowsAppRuntime.1.3","3000.934.1904.0","CN=Microsoft Corporation, O=Microsoft Corporation, L=Redmond, S=Washington, C=US",
"Microsoft.WindowsAppRuntime.1.3","3000.934.1904.0","CN=Microsoft Corporation, O=Microsoft Corporation, L=Redmond, S=Washington, C=US",
"Microsoft.WindowsAppRuntime.1.4","4000.1309.2056.0","CN=Microsoft Corporation, O=Microsoft Corporation, L=Redmond, S=Washington, C=US",
"Microsoft.WindowsAppRuntime.1.4","4000.1309.2056.0","CN=Microsoft Corporation, O=Microsoft Corporation, L=Redmond, S=Washington, C=US",
"Microsoft.WindowsAppRuntime.1.5","5001.373.1736.0","CN=Microsoft Corporation, O=Microsoft Corporation, L=Redmond, S=Washington, C=US",
"Microsoft.WindowsAppRuntime.1.5","5001.373.1736.0","CN=Microsoft Corporation, O=Microsoft Corporation, L=Redmond, S=Washington, C=US",
"Microsoft.WindowsAppRuntime.1.6","6000.519.329.0","CN=Microsoft Corporation, O=Microsoft Corporation, L=Redmond, S=Washington, C=US",
"Microsoft.WindowsAppRuntime.1.6","6000.519.329.0","CN=Microsoft Corporation, O=Microsoft Corporation, L=Redmond, S=Washington, C=US",
"Microsoft.WindowsAppRuntime.1.7","7000.785.2325.0","CN=Microsoft Corporation, O=Microsoft Corporation, L=Redmond, S=Washington, C=US",
"Microsoft.WindowsAppRuntime.1.7","7000.785.2325.0","CN=Microsoft Corporation, O=Microsoft Corporation, L=Redmond, S=Washington, C=US",
"Microsoft.WindowsAppRuntime.1.8","8000.731.1532.0","CN=Microsoft Corporation, O=Microsoft Corporation, L=Redmond, S=Washington, C=US",
"Microsoft.WindowsAppRuntime.1.8","8000.806.2252.0","CN=Microsoft Corporation, O=Microsoft Corporation, L=Redmond, S=Washington, C=US",
"Microsoft.WindowsAppRuntime.1.8","8000.859.21.0","CN=Microsoft Corporation, O=Microsoft Corporation, L=Redmond, S=Washington, C=US",
"Microsoft.WindowsAppRuntime.1.8","8000.859.21.0","CN=Microsoft Corporation, O=Microsoft Corporation, L=Redmond, S=Washington, C=US",
"Microsoft.WindowsAppRuntime.1.8","8000.770.947.0","CN=Microsoft Corporation, O=Microsoft Corporation, L=Redmond, S=Washington, C=US",
"Microsoft.WindowsAppRuntime.1.8","8000.836.2153.0","CN=Microsoft Corporation, O=Microsoft Corporation, L=Redmond, S=Washington, C=US",
"Microsoft.WindowsAppRuntime.2","2.0.1.0","CN=Microsoft Corporation, O=Microsoft Corporation, L=Redmond, S=Washington, C=US",
"Microsoft.WindowsAppRuntime.2","2.0.1.0","CN=Microsoft Corporation, O=Microsoft Corporation, L=Redmond, S=Washington, C=US",
"Microsoft.WindowsAppRuntime.CBS.1.6","6000.792.720.100","CN=Microsoft Corporation, O=Microsoft Corporation, L=Redmond, S=Washington, C=US",
"Microsoft.WindowsAppRuntime.CBS.1.8","8000.800.1936.100","CN=Microsoft Corporation, O=Microsoft Corporation, L=Redmond, S=Washington, C=US",
"Microsoft.WindowsCalculator","11.2508.4.0","CN=Microsoft Corporation, O=Microsoft Corporation, L=Redmond, S=Washington, C=US",
"Microsoft.WindowsCamera","2025.2510.2.0","CN=Microsoft Corporation, O=Microsoft Corporation, L=Redmond, S=Washington, C=US",
"microsoft.windowscommunicationsapps","16005.14326.22342.0","CN=Microsoft Corporation, O=Microsoft Corporation, L=Redmond, S=Washington, C=US",
"Microsoft.WindowsFeedbackHub","1.2603.26301.0","CN=Microsoft Corporation, O=Microsoft Corporation, L=Redmond, S=Washington, C=US",
"Microsoft.WindowsNotepad","11.2512.29.0","CN=Microsoft Corporation, O=Microsoft Corporation, L=Redmond, S=Washington, C=US",
"Microsoft.WindowsSoundRecorder","11.2512.0.0","CN=Microsoft Corporation, O=Microsoft Corporation, L=Redmond, S=Washington, C=US",
"Microsoft.WindowsStore","22604.1401.5.0","CN=Microsoft Corporation, O=Microsoft Corporation, L=Redmond, S=Washington, C=US",
"Microsoft.WindowsTerminal","1.24.11321.0","CN=Microsoft Corporation, O=Microsoft Corporation, L=Redmond, S=Washington, C=US",
"Microsoft.Winget.Source","2026.504.1236.44","CN=Microsoft Corporation, O=Microsoft Corporation, L=Redmond, S=Washington, C=US",
"Microsoft.Xbox.TCUI","1.24.10001.0","CN=Microsoft Corporation, O=Microsoft Corporation, L=Redmond, S=Washington, C=US",
"Microsoft.XboxGameCallableUI","1000.25128.1000.0","CN=Microsoft Windows, O=Microsoft Corporation, L=Redmond, S=Washington, C=US",
"Microsoft.XboxGameOverlay","1.54.4001.0","CN=Microsoft Corporation, O=Microsoft Corporation, L=Redmond, S=Washington, C=US",
"Microsoft.XboxGamingOverlay","7.326.5041.0","CN=Microsoft Corporation, O=Microsoft Corporation, L=Redmond, S=Washington, C=US",
"Microsoft.XboxIdentityProvider","12.130.16001.0","CN=Microsoft Corporation, O=Microsoft Corporation, L=Redmond, S=Washington, C=US",
"Microsoft.XboxSpeechToTextOverlay","1.97.17002.0","CN=Microsoft Corporation, O=Microsoft Corporation, L=Redmond, S=Washington, C=US",
"Microsoft.YourPhone","1.26032.102.0","CN=Microsoft Corporation, O=Microsoft Corporation, L=Redmond, S=Washington, C=US",
"Microsoft.ZuneMusic","11.2603.12.0","CN=Microsoft Corporation, O=Microsoft Corporation, L=Redmond, S=Washington, C=US",
"Microsoft.ZuneVideo","10.25121.10051.0","CN=Microsoft Corporation, O=Microsoft Corporation, L=Redmond, S=Washington, C=US",
"MicrosoftCorporationII.MicrosoftFamily","0.2.40.0","CN=Microsoft Corporation, O=Microsoft Corporation, L=Redmond, S=Washington, C=US",
"MicrosoftCorporationII.QuickAssist","2.0.47.0","CN=Microsoft Corporation, O=Microsoft Corporation, L=Redmond, S=Washington, C=US",
"MicrosoftCorporationII.WinAppRuntime.Main.1.5","5001.373.1736.0","CN=Microsoft Corporation, O=Microsoft Corporation, L=Redmond, S=Washington, C=US",
"MicrosoftCorporationII.WinAppRuntime.Main.1.8","8000.836.2153.0","CN=Microsoft Corporation, O=Microsoft Corporation, L=Redmond, S=Washington, C=US",
"MicrosoftCorporationII.WinAppRuntime.Singleton","8002.0.1.0","CN=Microsoft Corporation, O=Microsoft Corporation, L=Redmond, S=Washington, C=US",
"MicrosoftCorporationII.WindowsSubsystemForLinux","2.6.3.0","CN=Microsoft Corporation, O=Microsoft Corporation, L=Redmond, S=Washington, C=US",
"MicrosoftWindows.60719890.Voiess","1000.26100.8328.0","CN=Microsoft Windows, O=Microsoft Corporation, L=Redmond, S=Washington, C=US",
"MicrosoftWindows.60719895.Livtop","1000.26100.8328.0","CN=Microsoft Windows, O=Microsoft Corporation, L=Redmond, S=Washington, C=US",
"MicrosoftWindows.60719896.Speion","1000.26100.8328.0","CN=Microsoft Windows, O=Microsoft Corporation, L=Redmond, S=Washington, C=US",
"MicrosoftWindows.60719898.InpApp","1000.26100.8328.0","CN=Microsoft Windows, O=Microsoft Corporation, L=Redmond, S=Washington, C=US",
"MicrosoftWindows.Client.CBS","1000.26100.304.0","CN=Microsoft Windows, O=Microsoft Corporation, L=Redmond, S=Washington, C=US",
"MicrosoftWindows.Client.Core","1000.26100.88.0","CN=Microsoft Windows, O=Microsoft Corporation, L=Redmond, S=Washington, C=US",
"MicrosoftWindows.Client.CoreAI","1000.26100.8457.0","CN=Microsoft Windows, O=Microsoft Corporation, L=Redmond, S=Washington, C=US",
"MicrosoftWindows.Client.FileExp","1000.26100.6.0","CN=Microsoft Windows, O=Microsoft Corporation, L=Redmond, S=Washington, C=US",
"MicrosoftWindows.Client.OOBE","1000.26100.40.0","CN=Microsoft Windows, O=Microsoft Corporation, L=Redmond, S=Washington, C=US",
"MicrosoftWindows.Client.Photon","1000.26100.10.0","CN=Microsoft Windows, O=Microsoft Corporation, L=Redmond, S=Washington, C=US",
"MicrosoftWindows.Client.WebExperience","526.1202.40.0","CN=Microsoft Windows, O=Microsoft Corporation, L=Redmond, S=Washington, C=US",
"MicrosoftWindows.CrossDevice","1.26032.83.0","CN=Microsoft Windows, O=Microsoft Corporation, L=Redmond, S=Washington, C=US",
"MicrosoftWindows.NarratorScript.Excel","1.0.14.0","CN=Microsoft Windows, O=Microsoft Corporation, L=Redmond, S=Washington, C=US",
"MicrosoftWindows.UndockedDevKit","10.0.26100.1","CN=Microsoft Windows, O=Microsoft Corporation, L=Redmond, S=Washington, C=US",
"MiKTeX","25.12","MiKTeX.org",
"MobiSystems.PDFExtra-EditViewFillSignConvertPDFs","9.70.57653.0","CN=62F4B8BB-C29C-4E3A-8C5A-C359F54FE9F5",
"Monosnap","5.1.13","Monosnap Inc.","20240923"
"Movavi Screen Recorder 22","22.5.1","Movavi","202293"
"MSTeams","26106.1906.4665.7308","CN=Microsoft Corporation, O=Microsoft Corporation, L=Redmond, S=Washington, C=US",
"Node.js","24.11.1","Node.js Foundation","20251204"
"Notepad++ (64-bit x64)","8.8.8","Notepad++ Team",
"NotepadPlusPlus","1.0.0.0","E=don.h@free.fr, CN=""NOTEPAD++"", O=""NOTEPAD++"", L=Paris, S=Île-de-France, C=FR",
"NVIDIA Ansel","388.73","NVIDIA Corporation","20181015"
"NVIDIA Display Container","1.2","NVIDIA Corporation","20250716"
"NVIDIA Display Container LS","1.2","NVIDIA Corporation","20250716"
"NVIDIA Display Session Container","1.2","NVIDIA Corporation","20250716"
"NVIDIA Display Watchdog Plugin","1.2","NVIDIA Corporation","20250716"
"NVIDIA Install Application","2.1002.275.2323","NVIDIA Corporation","20250716"
"NVIDIA Optimus Update 31.1.10.0","31.1.10.0","NVIDIA Corporation","20190809"
"NVIDIA Telemetry Client","8.0.16.0","NVIDIA Corporation","20190809"
"NVIDIA Telemetry Container","8.0.16.0","NVIDIA Corporation","20190809"
"NVIDIA Update Core","31.1.10.0","NVIDIA Corporation","20190809"
"NVIDIA Системное программное обеспечение PhysX 9.17.0524","9.17.0524","NVIDIA Corporation","20180712"
"NVIDIACorp.NVIDIAControlPanel","8.1.969.0","CN=D6816951-877F-493B-B4EE-41AB9419C326",
"Obsidian","1.10.3","Obsidian",
"Office 16 Click-to-Run Extensibility Component","16.0.14332.20565","Microsoft Corporation","20230925"
"Office 16 Click-to-Run Licensing Component","16.0.14332.20565","Microsoft Corporation","20230925"
"Office 16 Click-to-Run Localization Component","16.0.14332.20546","Microsoft Corporation","20230925"
"Office Tab EnterPrise","9.81","Detong Technology Ltd.","20180718"
"Ollama version 0.24.0","0.24.0","Ollama","20260515"
"Opera Air Stable 130.0.5847.68","130.0.5847.68","Opera Software",
"Opera Stable 131.0.5877.55","131.0.5877.55","Opera Software",
"Postman x64 12.1.4","12.1.4","Postman","20260504"
"PowerShell 7-x64","7.5.5.0","Microsoft Corporation","20260326"
"PowerToys (Preview)","0.96.0","Microsoft Corporation","20251123"
"PowerToys (Preview) x64","0.96.0","Microsoft Corporation","20251123"
"SoundcloudLtd.SoundCloudforWindowsBeta","2.0.0.0","CN=C1719774-1FAA-4D3D-BAB1-E37AE4033073",
"SPDS Extension for AutoCAD® 2015-2016","4.1.0","Autodesk, Inc.","20191203"
"Spyder 6","6.1.3","Spyder-IDE",
"SQL Server 2017 Batch Parser","14.0.1000.169","Microsoft Corporation","20251204"
"SQL Server 2017 Common Files","14.0.1000.169","Microsoft Corporation","20251204"
"SQL Server 2017 Common Files","14.0.1000.169","Microsoft Corporation","20260513"
"SQL Server 2017 Connection Info","14.0.1000.169","Microsoft Corporation","20251204"
"SQL Server 2017 Connection Info","14.0.1000.169","Microsoft Corporation","20251204"
"SQL Server 2017 Database Engine Services","14.0.1000.169","Microsoft Corporation","20260513"
"SQL Server 2017 Database Engine Services","14.0.1000.169","Microsoft Corporation","20251204"
"SQL Server 2017 Database Engine Shared","14.0.1000.169","Microsoft Corporation","20251204"
"SQL Server 2017 Database Engine Shared","14.0.1000.169","Microsoft Corporation","20260513"
"SQL Server 2017 DMF","14.0.1000.169","Microsoft Corporation","20251204"
"SQL Server 2017 DMF","14.0.1000.169","Microsoft Corporation","20251204"
"SQL Server 2017 Shared Management Objects","14.0.1000.169","Microsoft Corporation","20251204"
"SQL Server 2017 Shared Management Objects","14.0.1000.169","Microsoft Corporation","20251204"
"SQL Server 2017 Shared Management Objects Extensions","14.0.1000.169","Microsoft Corporation","20251204"
"SQL Server 2017 Shared Management Objects Extensions","14.0.1000.169","Microsoft Corporation","20251204"
"SQL Server 2017 SQL Diagnostics","14.0.1000.169","Microsoft Corporation","20251204"
"SQL Server 2017 XEvent","14.0.1000.169","Microsoft Corporation","20251204"
"SQL Server 2017 XEvent","14.0.1000.169","Microsoft Corporation","20251204"
"Tableau Public 2021.1 (20211.21.0511.0935)","21.1.1776","Tableau Software","20210610"
"Telegram Desktop","6.8.2","Telegram FZ-LLC","20260515"
"TeraCopy","3.17","Code Sector","20260110"
"vs_communityx64msi","18.0.11121","Microsoft Corporation","20251124"
"vs_devenx64vmsi","18.0.11101","Microsoft Corporation","20251124"
"vs_minshellinteropx64msi","18.0.11101","Microsoft Corporation","20251124"
"vs_minshellx64msi","18.0.11101","Microsoft Corporation","20251124"
"Vulkan Run Time Libraries 1.0.54.1","1.0.54.1","LunarG, Inc.",
"Vulkan Run Time Libraries 1.0.54.1","1.0.54.1","LunarG, Inc.",
"Vulkan Run Time Libraries 1.0.61.0","1.0.61.0","LunarG, Inc.",
"Vulkan Run Time Libraries 1.0.61.0","1.0.61.0","LunarG, Inc.",
"WhatsApp","2.2310.5","WhatsApp","20230322"
"Windows Subsystem for Linux","2.6.3.0","Microsoft Corporation","20260503"
"Windows.CBSPreview","10.0.19580.1000","CN=Microsoft Windows, O=Microsoft Corporation, L=Redmond, S=Washington, C=US",
"windows.immersivecontrolpanel","10.0.8.1000","CN=Microsoft Windows, O=Microsoft Corporation, L=Redmond, S=Washington, C=US",
"Windows.PrintDialog","6.2.3.0","CN=Microsoft Windows, O=Microsoft Corporation, L=Redmond, S=Washington, C=US",
"WinRAR 5.80 (64-разрядная)","5.80.0","win.rar GmbH",
"www.youtube.com-54E21B02","1.0.0.2","CN=www.youtube.com, OID.2.25.311729368913984317654407730594956997722=1",
"Yandex","26.3.5.782","Yandex","20180718"
"Zoom Workplace","6.7.8 (32670)","Zoom Communications, Inc.",
"Кнопка ""Яндекс"" на панели задач","2.2.0.53","Яндекс",
"КОМПАС-3D v17.1 x64","17.1.12","АСКОН","20190112"
"Панель управления NVIDIA 388.73","388.73","NVIDIA Corporation","20250716"
"Поддержка iPod","12.11.3.7","Apple Inc.","20210805"
"Проверка работоспособности ПК Windows","3.2.2110.14001","Microsoft Corporation","20211101"
"Процесс GDR 2095 для SQL Server 2017 (KB5068403) (64-bit)","14.0.2095.1","Корпорация Майкрософт","20251207"
"Процесс GDR 2100 для SQL Server 2017 (KB5077472) (64-bit)","14.0.2100.4","Корпорация Майкрософт","20260311"
"Процесс GDR 2105 для SQL Server 2017 (KB5084819) (64-bit)","14.0.2105.1","Корпорация Майкрософт","20260414"
"Процесс GDR 2110 для SQL Server 2017 (KB5090347) (64-bit)","14.0.2110.2","Корпорация Майкрософт","20260513"
"Яндекс Телемост","2.31.9.8326","Яндекс","20260514"
"Яндекс.Диск","3.2.44.5094","Яндекс",
